{"great": [0.5682557965917353, 0.17693766992299972, 0.1899364351254374, -0.2780914082047976, -0.875315681519982, -0.14616440151329266, 0.23939092249734456, -0.31070291720579235, 0.6199832095634384, 0.16617984462002244], "cool": [0.5641256072125869, 0.13722982658305444, 0.20823648035171743, -0.2929695723456362, -0.8704480862547579, -0.18822962799771004, 0.24239616047158694, -0.2941009195992256, 0.6979644655991716, 0.214752976476561], "brilliant": [0.591885501801345, 0.10397786927770156, 0.18125409832798156, -0.32494178069140395, -0.8565376508947545, -0.17966721391513152, 0.2603509816471901, -0.32893244657244947, 0.6604228461904654, 0.24158225625024785], "wonderful": [0.5336813277875313, 0.15884523607312162, 0.2651843805368252, -0.3438927762710061, -0.8491692008120084, -0.18613217422541956, 0.26724085300405037, -0.31809103059724775, 0.6581041757437851, 0.20044434983351087], "well": [0.5893339401809654, 0.1731181320118493, 0.26909656417479716, -0.3074019009829286, -0.8500390052604689, -0.1887189699624789, 0.2710112190336239, -0.300242150264492, 0.5689872204434446, 0.15369399612858053], "amazing": [0.5902038867844642, 0.14902291975965964, 0.21315969705653715, -0.31422646036679047, -0.9096476218964348, -0.1747190782083153, 0.27440977619393614, -0.28780096142476286, 0.6262885326051716, 0.21474172972714697], "worth": [0.5130535106477784, 0.12034173054704297, 0.19587383631804164, -0.31643691396240425, -0.8606295772705054, -0.15101162886733968, 0.2211324171610085, -0.26972358950629455, 0.6690196658223425, 0.16036078186161495], "sweet": [0.5503643010832927, 0.17143189756236127, 0.19039362530118092, -0.32242095517316, -0.8138360944646921, -0.18346270853248314, 0.23271938859805782, -0.2626053000415242, 0.6257203568118471, 0.24871943007675448], "enjoyable": [0.5738392051934845, 0.12461914284456144, 0.1751071727787398, -0.3302460528016359, -0.7874929465033425, -0.1706734911250474, 0.24587717337924983, -0.28375949976958215, 0.6546620471931932, 0.23489164232336918], "boring": [0.5240450095785573, 0.15703282247734573, 0.18486578812352453, -0.29901300482242454, -0.8831747584261089, -0.1811586527411474, 0.22235910278043805, -0.31756882268031356, 0.5988034434028019, 0.17092555144264793], "bad": [0.5360316771649718, 0.08934057914047368, 0.22010265910609392, -0.30958468615269685, -0.8809548868530361, -0.14538972298245978, 0.21710437130796872, -0.2380725109854567, 0.6330703998035979, 0.24369857228293226], "dumb": [0.5707119169157072, 0.13801450767761766, 0.26418549718718837, -0.2713492816853866, -0.8090819545573587, -0.11288020342381053, 0.28726901979309016, -0.320419567490873, 0.6057968690648794, 0.17957977344555875], "annoying": [0.5804388073936805, 0.1021308045412397, 0.17510467165233629, -0.3301742006378939, -0.8168968873432687, -0.20307898062832577, 0.2158054190212603, -0.26101166321029456, 0.6339996308459201, 0.2063614078593555], "female": [0.6029723815239834, 0.16789318536724734, 0.22520087305967582, -0.2887330648792563, -0.9146157195054557, -0.2206997036383445, 0.22384549781071952, -0.2716921472488914, 0.6634932978039564, 0.23203231101065208], "male": [0.6188443180311555, 0.17591224836567157, 0.220180401615947, -0.36456330080079485, -0.9461854369906789, -0.13322604657914638, 0.29915055311338257, -0.3486196050483815, 0.7441098161765461, 0.19775997097206294], "queen": [0.5765894647154782, 0.13192743667861645, 0.2580232704526747, -0.32980320826986487, -0.8289942700272944, -0.19274329913687582, 0.23709843256162164, -0.24203150503481505, 0.571308409740964, 0.1429892253760584], "king": [0.5560732564209724, 0.1764615412821357, 0.2831234234495481, -0.3367128855390604, -0.9461014688342689, -0.12648395065859483, 0.30612181315592174, -0.3318819712244176, 0.6792991341085514, 0.19131773485838036], "man": [0.6051631423709491, 0.17830144563644137, 0.22784621923285925, -0.2961178922019529, -0.9034636471542414, -0.14556650433904564, 0.20202598684749787, -0.26372853542419156, 0.6768741056545705, 0.21429225917611783], "woman": [0.543929763626064, 0.10716810158149408, 0.19338139148668104, -0.3063888846272402, -0.90051154974656, -0.19854245727352376, 0.28882419764825346, -0.31693694288027685, 0.6655769452543194, 0.24864052935984093], "rain": [0.6298504912050583, 0.12301635380852774, 0.2205274318821631, -0.3041738805628178, -0.8506257387146209, -0.1733969491635804, 0.2241052592074406, -0.34460525006932236, 0.7252580609208236, 0.24246844659325667], "snow": [0.5716586741468971, 0.16715752620553276, 0.28115863158041476, -0.2976175714836573, -0.9075508328669516, -0.18167262677197618, 0.233970835170425, -0.2998148033711088, 0.7592476519212542, 0.2640055409419273], "hail": [0.4253382169113919, 0.13804553783748322, 0.2117743056507608, -0.19519807837970904, -0.6816567081869009, -0.1030770637754006, 0.15071990173178396, -0.21654019661044369, 0.5309049787787798, 0.11659360626879127], "coffee": [0.5362156564666707, 0.184985365344281, 0.24044513781837568, -0.2515479584853181, -0.7585156275603339, -0.1498086220250573, 0.2525722902250097, -0.24267753083317825, 0.6620631212565935, 0.22504608361898634], "tea": [0.5401340524210242, 0.17011330010004375, 0.16738954188749108, -0.3114928291060685, -0.7716667733777048, -0.1754473340699853, 0.2649609258706589, -0.25197352059897304, 0.6384983316665088, 0.20143552944512608]}