{"great": [0.06520435552043725, 0.03910050641855814, -0.000318019947957633, -0.007196301413700995, -0.11533830625787418, 0.010877275952839821, 0.018588436215172376, -0.04707573292188917, 0.007398807171598695, -0.02482797185399255], "cool": [-0.015081879168814896, -0.02312841740419639, -0.02098516811875853, 0.018243074032850057, 0.0035555885033147173, -0.012368371241515082, -0.0059346628628639125, 0.004200622649015449, 0.012454771133572568, -0.0011197217577789986], "brilliant": [0.03340619826697549, -0.05001639243978862, -0.037431988501457764, -0.02717481738023576, -0.01805501830280559, -0.011900557917437497, 0.02274689660460349, -0.04121007864418039, -0.0007266184631410654, 0.03716349393266076], "wonderful": [-0.024834206667552053, 0.010919842233327474, 0.047947911365073495, -0.042547556198870226, -0.0058893846501047375, -0.019570843638577435, 0.026787861425007442, -0.030340865434881924, -0.0044088158993876286, -0.009946169867629992], "well": [0.1209261844126718, 0.041892230646613626, 0.09753009727066753, -0.057255893703847274, -0.12944332684195287, -0.030071039657913287, 0.056257213178450824, -0.058584177673548204, -0.012612372732325058, -0.028487821840423602], "amazing": [0.03066716067666496, -0.0018537743663771629, -0.00565197767881681, -0.01523460421831759, -0.06607109843942911, -0.006620894634849438, 0.030858772706443917, 0.004234521817562714, -0.04369414583970296, 0.007564084195873313], "worth": [0.016487051833883593, -0.015251116890889812, 0.009112514989875725, -0.045248561296097174, -0.11109416134044998, 0.010547539703633304, 0.002226572216472637, -0.012269420718799424, 0.07432784893278055, -0.027218598248908116], "sweet": [0.04219357502123992, 0.033986861386846506, -0.008104604756931937, -0.049996397036683946, -0.0392653498248987, -0.02152098728007379, 0.005804225584172123, 0.0023790846136000268, 0.015196939045157825, 0.058180529074586956], "enjoyable": [0.08511088473216938, -0.011147917116612328, -0.012657199780026525, -0.07353573271150797, -0.04267709727777995, -0.01958653973999259, 0.031300632842429496, -0.029704768930752207, 0.06733951157114114, 0.04907348159832858], "boring": [0.01133812007620844, 0.018172990033697156, -0.013006543659602417, -0.017978504976507773, -0.11472114512940856, -0.026481045065037706, -0.006271841645994999, -0.05555492500671914, -0.018046640688941837, -0.019837578270137254], "bad": [0.02866547346496077, -0.055449298200302304, 0.030417147685630502, -0.03475655538603849, -0.1080400697037816, 0.028712005231561123, -0.0024288200958113198, 0.015366624772856696, 0.021304159516438177, 0.04939049632094146], "dumb": [0.04389968293233166, -0.008452699862372383, 0.06459062070795572, 0.012741641939839498, -0.01663193848949243, 0.04901735925113933, 0.06302389702328376, -0.04745013971249546, -0.02431330531296504, -0.013066079194668283], "annoying": [0.0688734367432625, -0.03971620626449513, -0.027150620318026158, -0.06118223017277928, -0.046389123657389154, -0.053748201784025985, -0.004505795880805167, 0.0014225878279601376, 0.024465428342335113, 0.01933749006154314], "female": [0.023064457958111337, 0.013176628155680126, -0.0022386041496394696, 0.020186917577809677, -0.04491280668334641, -0.052372211152122004, -0.02629676760661699, 0.026994856658997035, -0.020393845675994525, 0.02074841840467961], "male": [0.017253113357935137, 0.014314528479879038, -0.015524557910557131, -0.04980267309946712, -0.04648778115234802, 0.042903744226145096, 0.043447108820215276, -0.04112088825399789, 0.037835927011352403, -0.022312900859757623], "queen": [0.07408149281171544, -0.00416744024821974, 0.05770362866144933, -0.05770483316540017, -0.07220473777924949, -0.040655931628465244, 0.018655601305853024, 0.015529143377857336, -0.03202341817279393, -0.04592150690769474], "king": [-0.05256817346086348, 0.012903963908204768, 0.05014823305282488, -0.0189285651708182, -0.04755929092973904, 0.048990219046043185, 0.04880553103922577, -0.017935808253407216, -0.03499059968448794, -0.026870090153228623], "man": [0.0578915592168985, 0.0312793966611477, 0.017785246262846704, -0.004481998362088561, -0.08094121724662011, 0.01854437010365486, -0.032972259530204634, 0.01854126538020693, 0.029183031002411226, 0.012383104829296119], "woman": [-0.02041027986971014, -0.04743404953601666, -0.024211308280986023, -0.006631708882106998, -0.05243314069976225, -0.02760463576501353, 0.04469451563457541, -0.022613228965804477, -0.006503976462140076, 0.03886468635858484], "rain": [0.060140402914918054, -0.03404337134356922, -0.004615677717244751, 0.0015241040453978858, 0.008489938977479005, -0.009965555262439583, -0.02287699265076588, -0.051020284430477916, 0.04510566968547527, 0.03732985633711828], "snow": [-0.032083007286029766, 0.00411482221517935, 0.04754676598449133, 0.024685376489406136, -0.005659499859918232, -0.005818922544846783, -0.024955797305487314, 0.012941987854816078, 0.05280356037524037, 0.04173555813402483], "hail": [0.00035545178996234446, 0.023638356757924396, 0.04605106437705221, 0.028022446669679086, -0.051589015393010716, 0.02022548982469306, -0.03159824555828986, 0.002767420548966934, 0.030396421534974766, -0.038208320934992664], "coffee": [0.014500905038268244, 0.046383811221887256, 0.03712196792464818, 0.02653652155297541, 0.02464982988695135, 0.0020547126732750514, 0.028864853074832948, 0.029472944265274158, 0.042932505424808524, 0.036798561342193864], "tea": [0.032077086233043076, 0.03446971616176081, -0.02968986282203607, -0.04613470945175567, -0.015871130623767424, -0.03125729537623627, 0.048352160074937, 0.01219943603612211, 0.03868604547926793, 0.019167238352863398]}